{
  "rmse": 66.91664391235626,
  "mae": 54.357054687898916,
  "r2": 0.2171260221617709
}